scenario_key,scenario_name,scheduler,alarm_avg_latency_mean,alarm_avg_latency_std,alarm_avg_latency_ci_lower,alarm_avg_latency_ci_upper,alarm_p95_latency_mean,alarm_p95_latency_std,alarm_p95_latency_ci_lower,alarm_p95_latency_ci_upper,band_0_fairness_mean,band_0_fairness_std,band_0_fairness_ci_lower,band_0_fairness_ci_upper,band_1_fairness_mean,band_1_fairness_std,band_1_fairness_ci_lower,band_1_fairness_ci_upper,band_2_fairness_mean,band_2_fairness_std,band_2_fairness_ci_lower,band_2_fairness_ci_upper,band_3_fairness_mean,band_3_fairness_std,band_3_fairness_ci_lower,band_3_fairness_ci_upper,device_latency_fairness_mean,device_latency_fairness_std,device_latency_fairness_ci_lower,device_latency_fairness_ci_upper,device_throughput_fairness_mean,device_throughput_fairness_std,device_throughput_fairness_ci_lower,device_throughput_fairness_ci_upper,min_device_rate_mean,min_device_rate_std,min_device_rate_ci_lower,min_device_rate_ci_upper,avg_device_rate_mean,avg_device_rate_std,avg_device_rate_ci_lower,avg_device_rate_ci_upper,high_avg_latency_mean,high_avg_latency_std,high_avg_latency_ci_lower,high_avg_latency_ci_upper,high_p95_latency_mean,high_p95_latency_std,high_p95_latency_ci_lower,high_p95_latency_ci_upper,avg_waiting_time_mean,avg_waiting_time_std,avg_waiting_time_ci_lower,avg_waiting_time_ci_upper,p95_waiting_time_mean,p95_waiting_time_std,p95_waiting_time_ci_lower,p95_waiting_time_ci_upper,alarm_dropped_mean,alarm_dropped_std,alarm_dropped_rate_mean,alarm_dropped_rate_std,protection_enabled_mean,protection_enabled_std,alarm_source_fairness_mean,alarm_source_fairness_std,alarm_source_count_mean,alarm_source_count_std,alarm_source_latency_cv_mean,alarm_source_latency_cv_std
alarm_flood_attack,Alarm Flood Attack,TRIAGE/4,0.13272418151165374,0.05439378258057356,0.11241320929458173,0.15303515372872575,0.4086126148801599,0.18480594960699726,0.3396049391874989,0.47762029057282085,1.0,0.0,1.0,1.0,0.972597193252473,0.021792018263386077,0.96445991990058,0.9807344666043659,1.0,0.0,1.0,1.0,1.0,0.0,1.0,1.0,0.6917955208195816,0.07787466374043464,0.6627166434809298,0.7208743981582334,0.257201646090535,0.0,0.257201646090535,0.257201646090535,0.9214292401425822,0.05026337708127218,0.9026605866862487,0.9401978935989157,3.8392885005940913,0.209430737838634,3.7610857778593685,3.917491223328814,2.063495210863081,1.085916923047231,1.6580071677877715,2.4689832539383905,3.6724240261803462,1.4398450850573792,3.1347770354389324,4.21007101692176,0.6277009848523866,0.2752074374490841,0.5249368388274276,0.7304651308773455,3.2348041938613834,1.3727163491232524,2.7222234850705864,3.7473849026521804,35.0,0.0,0.17499999999999993,5.646012854083702e-17,1.0,0.0,1.0,0.0,1.0,0.0,0.0,0.0
alarm_flood_attack,Alarm Flood Attack,Strict,1.6890821289896025,0.447619159326244,1.5219383879666812,1.8562258700125238,2.7334389880271575,0.6716679283256045,2.482634061726777,2.984243914327538,1.0,0.0,1.0,1.0,0.8048890672300316,0.04863188467647557,0.7867296230497234,0.8230485114103399,1.0,0.0,1.0,1.0,1.0,0.0,1.0,1.0,0.32800008760076516,0.04760162546253613,0.3102253485333935,0.3457748266681368,0.257201646090535,0.0,0.257201646090535,0.257201646090535,0.7956211266617272,0.044034699271230784,0.7791782997235522,0.8120639535999022,3.3150880277571964,0.18347791363012853,3.246576248848134,3.383599806666259,0.11312230031023059,0.01667604714852306,0.10689536196810466,0.11934923865235651,0.27228328318425327,0.05575862311367111,0.25146267113642645,0.2931038952320801,1.378893065378908,0.3587821292703926,1.2449216165502055,1.5128645142076105,2.710379859947472,0.665679808524026,2.4618109343286436,2.9589487855663004,,,,,,,,,,,,
alarm_flood_attack,Alarm Flood Attack,FIFO,1.398225666741189,0.36480779079663156,1.2620041989205617,1.5344471345618163,2.616172332396243,0.6739433587732475,2.3645177464029468,2.8678269183895395,1.0,0.0,1.0,1.0,0.9956621058824935,0.002049346203696076,0.9948968674336914,0.9964273443312955,1.0,0.0,1.0,1.0,1.0,0.0,1.0,1.0,0.9963766731331909,0.00135696086477365,0.9958699756189439,0.9968833706474379,0.257201646090535,0.0,0.257201646090535,0.257201646090535,0.7956211266617272,0.044034699271230784,0.7791782997235522,0.8120639535999022,3.3150880277571964,0.18347791363012853,3.246576248848134,3.383599806666259,1.3017877652851066,0.33501986366097414,1.1766892922582368,1.4268862383119765,2.4773172321753725,0.6332309836989043,2.2408648968768334,2.7137695674739115,1.3788930653789078,0.3587821292703925,1.2449216165502053,1.5128645142076103,2.60287568306435,0.665756887263702,2.354277975771113,2.851473390357587,,,,,,,,,,,,
alarm_load_near_saturation,Alarm Load Regime (ρ≈0.95),TRIAGE/4,0.1265358955115258,0.02355598597211359,0.11773994579215087,0.13533184523090075,0.29936748339991287,0.06239996085419674,0.2760669550834906,0.32266801171633513,0.8167299607026901,0.048981518610283326,0.7984399610658792,0.835019960339501,0.824476222135404,0.029002438558222963,0.8136465335968137,0.8353059106739942,0.9878741814487764,0.0047197636028727345,0.9861117927554162,0.9896365701421366,0.9956734865054487,0.0026858331731522845,0.9946705799162852,0.9966763930946123,0.4428587537618092,0.09836958191432975,0.4061269482046699,0.47959055931894856,0.7341309405117978,1.1292025708167404e-16,0.7341309405117978,0.7341309405117978,0.2304778721997315,0.004841673549489162,0.22866996158417288,0.23228578281529014,1.5474942847696254,0.032508379546570064,1.5353554563508747,1.559633113188376,0.12620853614618455,0.014324559344293398,0.1208596577806698,0.13155741451169928,0.3517841397169013,0.048914667304182424,0.3335191027680388,0.3700491766657638,0.4643880364845282,0.1855019947913411,0.3951204532485723,0.533655619720484,2.1234110555928085,1.1324331779039365,1.7005535574950015,2.5462685536906156,0.0,0.0,0.0,0.0,1.0,0.0,0.8167299607026901,0.048981518610283326,4.0,0.0,0.4719048380087141,0.0787190930800891
alarm_load_near_saturation,Alarm Load Regime (ρ≈0.95),Strict,0.3008174133087333,0.06459288850206307,0.2766980323511312,0.32493679426633537,0.8692700018053208,0.2594318110178025,0.7723965715010057,0.9661434321096358,0.6771341693879255,0.04823616500678768,0.6591224893607146,0.6951458494151364,0.788366184833739,0.02348569493814136,0.7795964822178083,0.7971358874496697,0.9629929844664284,0.01568074308848005,0.9571376987682628,0.9688482701645941,0.8607073922414421,0.0660034368611191,0.8360613038703745,0.8853534806125097,0.4642206534291548,0.10976640720365162,0.4232332033694228,0.5052081034888868,0.7341309405117978,1.1292025708167404e-16,0.7341309405117978,0.7341309405117978,0.23158180441369805,0.002834136568168628,0.23052352042673335,0.23264008840066275,1.5549064010634008,0.019029202671989515,1.5478007800080664,1.5620120221187352,0.1138018330994255,0.012053618772464305,0.10930093787964469,0.11830272831920631,0.30844933273236147,0.02998249434336041,0.2972536853492357,0.31964498011548725,0.44603668760725496,0.17074853272055404,0.38227813764695884,0.5097952375675511,2.0960159321156833,1.2708407351429238,1.6214762027711402,2.5705556614602263,,,,,,,,,,,,
alarm_load_near_saturation,Alarm Load Regime (ρ≈0.95),FIFO,0.45911373123069465,0.19313939948427325,0.38699429421349285,0.5312331682478965,0.893913759690529,0.28740689677520137,0.786594260688067,1.001233258692991,0.9787576366835371,0.012781026347615016,0.9739851230112707,0.9835301503558035,0.8714926045514148,0.06130219601643837,0.8486019883621287,0.8943832207407008,0.9946703307615145,0.00389614163198958,0.9932154875664508,0.9961251739565781,0.9969534068674011,0.0014173237514764074,0.9964241694808268,0.9974826442539754,0.9380965342076764,0.030989509532958183,0.9265248611729461,0.9496682072424066,0.7341309405117978,1.1292025708167404e-16,0.7341309405117978,0.7341309405117978,0.23158180441369805,0.002834136568168628,0.23052352042673335,0.23264008840066275,1.5549064010634008,0.019029202671989515,1.5478007800080664,1.5620120221187352,0.44543749501404956,0.17034611682617695,0.38182920961824285,0.5090457804098563,0.9856063585581427,0.27479263022199485,0.8829971040973505,1.0882156130189349,0.44603668760725496,0.17074853272055404,0.38227813764695884,0.5097952375675511,0.9536851165075724,0.27377741472782363,0.8514549497424356,1.0559152832727092,,,,,,,,,,,,
alarm_load_optimal,Alarm Load Regime (ρ≈0.7),TRIAGE/4,0.10120350269321302,0.021648803288447007,0.09311970669183797,0.10928729869458806,0.2542597231672072,0.05403456285952269,0.2340828857984201,0.27443656053599425,0.7648097908744659,0.059180231695076586,0.742711529184758,0.7869080525641737,0.687086827656673,0.026375278794319952,0.6772381366961681,0.6969355186171778,0.9864764585574798,0.004946357676711566,0.9846294582463951,0.9883234588685644,0.9919338661556539,0.0029878987072511362,0.9908181664423548,0.9930495658689531,0.6473499042266277,0.02914905081648619,0.6364654697710781,0.6582343386821774,0.7593586715338918,2.2584051416334807e-16,0.7593586715338917,0.7593586715338919,0.2350698127414183,0.0012180015949755827,0.23461500347127326,0.23552462201156335,1.1529614624936229,0.005974007822975472,1.150730731311483,1.1551921936757628,0.0839254462862455,0.009372623842357427,0.08042565102598395,0.08742524154650705,0.24999898658297032,0.030562575536898586,0.2385867333223594,0.2614112398435812,0.1909817769619711,0.016783757537533164,0.1847146188995962,0.197248935024346,0.49426232396910325,0.04407518433309585,0.4778043796603808,0.5107202682778257,0.0,0.0,0.0,0.0,1.0,0.0,0.7648097908744659,0.059180231695076586,4.0,0.0,0.554226324892164,0.09271033863573973
alarm_load_optimal,Alarm Load Regime (ρ≈0.7),Strict,0.11971000626278487,0.031459686190873484,0.10796276637862866,0.1314572461469411,0.36019950578545323,0.15253006501418157,0.30324384346904587,0.4171551681018606,0.7127106733597025,0.07339919871016466,0.6853029621281999,0.7401183845912052,0.6835052710137137,0.024379934287846943,0.6744016539368725,0.692608888090555,0.9856846706295469,0.004455630916429034,0.9840209107022232,0.9873484305568706,0.9872991848607645,0.007423663829035436,0.9845271432297735,0.9900712264917555,0.6534162620684493,0.028133975311019934,0.6429108630359136,0.6639216611009849,0.7593586715338918,2.2584051416334807e-16,0.7593586715338917,0.7593586715338919,0.2350698127414183,0.0012180015949755827,0.23461500347127326,0.23552462201156335,1.1529614624936229,0.005974007822975472,1.150730731311483,1.1551921936757628,0.08282915717915505,0.008928673606930903,0.07949513566121698,0.08616317869709313,0.24852390874003052,0.03048731684411024,0.23713975753715116,0.2599080599429099,0.1909817769619711,0.01678375753753316,0.1847146188995962,0.197248935024346,0.48773039679213015,0.04065878254091174,0.4725481578782406,0.5029126357060197,,,,,,,,,,,,
alarm_load_optimal,Alarm Load Regime (ρ≈0.7),FIFO,0.1747637768861045,0.045147857538953555,0.1579052898195788,0.1916222639526302,0.41747905778391436,0.12117426866436144,0.3722318422474671,0.46272627332036165,0.8937148190490266,0.04486897679455989,0.8769604677638811,0.9104691703341721,0.6139604802321832,0.023658754949870353,0.6051261559458455,0.6227948045185209,0.970244742886182,0.005587043230300883,0.9681585066576549,0.9723309791147091,0.989427753973705,0.0028878813087764438,0.9883494013707789,0.9905061065766311,0.7690445931077255,0.036041702911843325,0.755586400061231,0.7825027861542201,0.7593586715338918,2.2584051416334807e-16,0.7593586715338917,0.7593586715338919,0.2350698127414183,0.0012180015949755827,0.23461500347127326,0.23552462201156335,1.1529614624936229,0.005974007822975472,1.150730731311483,1.1551921936757628,0.19176095921109867,0.01515632896191242,0.18610149296599604,0.1974204254562013,0.516806347546543,0.04537820059743042,0.4998618489684224,0.5337508461246636,0.1909817769619711,0.01678375753753316,0.1847146188995962,0.197248935024346,0.47286141267714416,0.04505733709691372,0.4560367264991782,0.4896860988551101,,,,,,,,,,,,
alarm_load_underload,Alarm Load Regime (ρ≈0.3),TRIAGE/4,0.07841374411343824,0.017375547539753657,0.07192560803256212,0.08490188019431436,0.22640996635356217,0.06298132471944802,0.20289235320216567,0.24992757950495867,0.6592386548634205,0.04529998072796552,0.6423233640645745,0.6761539456622665,0.7403353377067929,0.03083274092649477,0.7288222030317671,0.7518484723818187,0.989276813186164,0.004254778180669112,0.9876880529029577,0.9908655734693703,0.9945102998795424,0.002656343351412649,0.9935184049707884,0.9955021947882965,0.6486981074616851,0.030796665026992073,0.6371984437489228,0.6601977711744474,0.884265901482544,2.2584051416334807e-16,0.8842659014825439,0.8842659014825441,0.24365766475447348,0.0011008158181920998,0.24324661337252015,0.2440687161364268,0.49891807544963623,0.0022540514372504762,0.4980763988103985,0.49975975208887397,0.09757432220475766,0.015244281838369919,0.09188201381584028,0.10326663059367504,0.32063318920048195,0.08085867994713003,0.2904400618980645,0.3508263165028994,0.17984831785577793,0.019366821321484304,0.17261662792483806,0.1870800077867178,0.49692567506305263,0.08333846970824677,0.4658065790459643,0.528044771080141,0.0,0.0,0.0,0.0,1.0,0.0,0.6592386548634205,0.04529998072796552,4.0,0.0,0.7201415867424398,0.07231824951995681
alarm_load_underload,Alarm Load Regime (ρ≈0.3),Strict,0.11902828259522318,0.022713094018105364,0.11054707390409894,0.12750949128634742,0.3837641609508119,0.1012501733738003,0.3459567248652133,0.4215715970364105,0.6688819517750315,0.03464221078243642,0.6559463376780021,0.6818175658720609,0.6604105438735232,0.03849571697468604,0.6460360069162724,0.6747850808307739,0.9865727116074523,0.005655261299191154,0.9844610023333638,0.9886844208815408,0.9945102998795424,0.002656343351412649,0.9935184049707884,0.9955021947882965,0.6674696471257707,0.025713438812533258,0.6578680912760169,0.6770712029755246,0.884265901482544,2.2584051416334807e-16,0.8842659014825439,0.8842659014825441,0.24365766475447348,0.0011008158181920998,0.24324661337252015,0.2440687161364268,0.49891807544963623,0.0022540514372504762,0.4980763988103985,0.49975975208887397,0.08323249493142243,0.013185412823395146,0.07830898086747773,0.08815600899536713,0.2584239299870051,0.05396275154971172,0.23827390740199006,0.2785739525720201,0.17984831785577793,0.019366821321484304,0.17261662792483806,0.1870800077867178,0.4943599653485765,0.07636627550044087,0.46584432943535214,0.5228756012618009,,,,,,,,,,,,
alarm_load_underload,Alarm Load Regime (ρ≈0.3),FIFO,0.08921348647531922,0.030121420617874716,0.07796596316873285,0.1004610097819056,0.2649176371796451,0.12409113895561405,0.2185812443763167,0.3112540299829735,0.6991248738635961,0.08033921680871797,0.6691257172848813,0.7291240304423109,0.6227576732409308,0.02044045987887352,0.6151250800840017,0.6303902663978599,0.968658961118426,0.01403311245956512,0.9634189108082079,0.9738990114286441,0.9895153308673894,0.004077750450869157,0.9879926738248668,0.991037987909912,0.6685538446285554,0.04285096896280376,0.6525530298518136,0.6845546594052971,0.884265901482544,2.2584051416334807e-16,0.8842659014825439,0.8842659014825441,0.24365766475447348,0.0011008158181920998,0.24324661337252015,0.2440687161364268,0.49891807544963623,0.0022540514372504762,0.4980763988103985,0.49975975208887397,0.1970263059732398,0.017928999157050346,0.1903315076620664,0.2037211042844132,0.5361284454334354,0.06910659695867392,0.5103236180385979,0.5619332728282729,0.17984831785577793,0.019366821321484304,0.17261662792483806,0.1870800077867178,0.48634601227563545,0.07317824063454371,0.45902080814553586,0.513671216405735,,,,,,,,,,,,
alarm_malfunction_surge,Alarm Malfunction Surge (Forced Drops),TRIAGE/4,0.13144628059383276,0.03874783440238157,0.11697760144189685,0.14591495974576865,0.6154296783641722,0.2767350358060385,0.5120951177382249,0.7187642389901194,0.7199831700024287,0.08688836427673523,0.6875385215686225,0.752427818436235,1.0,0.0,1.0,1.0,1.0,0.0,1.0,1.0,1.0,0.0,1.0,1.0,0.7199831700024287,0.08688836427673526,0.6875385215686225,0.752427818436235,0.31816914802912055,5.646012854083702e-17,0.31816914802912055,0.31816914802912055,1.0982672889829173,0.005817845294198978,1.096094869847354,1.1004397081184805,2.4586210901094847,0.013024040033604538,2.4537578336355534,2.463484346583416,0.0,0.0,0.0,0.0,0.0,0.0,0.0,0.0,0.13144628059383276,0.03874783440238157,0.11697760144189685,0.14591495974576865,0.6154296783641722,0.2767350358060385,0.5120951177382249,0.7187642389901194,79.76666666666667,5.150716945966965,0.20245346869712355,0.013072885649662353,1.0,0.0,0.7199831700024287,0.08688836427673523,8.0,0.0,0.6258549761479569,0.139777212248554
alarm_malfunction_surge,Alarm Malfunction Surge (Forced Drops),Strict,0.5712421627207193,0.2677935282281387,0.4712464158962288,0.6712379095452097,3.2847966196949856,1.8458682883238855,2.5955380731876767,3.9740551662022945,0.5525054273334932,0.1268298023393326,0.5051464008161696,0.5998644538508168,1.0,0.0,1.0,1.0,1.0,0.0,1.0,1.0,1.0,0.0,1.0,1.0,0.5525054273334932,0.12682980233933258,0.5051464008161696,0.5998644538508168,0.31816914802912055,5.646012854083702e-17,0.31816914802912055,0.31816914802912055,1.0606023067389023,0.02770714282999582,1.0502562895741487,1.070948323903656,2.3743028912223147,0.062026217471695184,2.3511419209784914,2.397463861466138,0.0,0.0,0.0,0.0,0.0,0.0,0.0,0.0,0.5712421627207193,0.2677935282281387,0.4712464158962288,0.6712379095452097,3.2847966196949856,1.8458682883238855,2.5955380731876767,3.9740551662022945,,,,,,,,,,,,
alarm_malfunction_surge,Alarm Malfunction Surge (Forced Drops),FIFO,0.5712421627207193,0.2677935282281387,0.4712464158962288,0.6712379095452097,1.2322077771508948,0.4927135735264564,1.0482255051321028,1.4161900491696868,0.9852480066342479,0.010030548202328205,0.9815025383804507,0.9889934748880452,1.0,0.0,1.0,1.0,1.0,0.0,1.0,1.0,1.0,0.0,1.0,1.0,0.9852480066342477,0.010030548202328167,0.9815025383804504,0.988993474888045,0.31816914802912055,5.646012854083702e-17,0.31816914802912055,0.31816914802912055,1.0606023067389023,0.02770714282999582,1.0502562895741487,1.070948323903656,2.3743028912223147,0.062026217471695184,2.3511419209784914,2.397463861466138,0.0,0.0,0.0,0.0,0.0,0.0,0.0,0.0,0.5712421627207193,0.2677935282281387,0.4712464158962288,0.6712379095452097,1.2322077771508948,0.4927135735264564,1.0482255051321028,1.4161900491696868,,,,,,,,,,,,
alarm_rate_sweep_attack,Alarm Rate Sweep (20.0/s),TRIAGE/4,0.1100730641961835,0.019469886225718904,0.10280288919751805,0.11734323919484894,0.38172293571815197,0.12451383349370321,0.33522870618032696,0.428217165255977,1.0,0.0,1.0,1.0,0.9995423431914336,0.00021215490069853433,0.9994631232495695,0.9996215631332978,1.0,0.0,1.0,1.0,1.0,0.0,1.0,1.0,0.6660572461187084,0.05985048885966177,0.6437087062905384,0.6884057859468784,0.35714285714285726,1.1292025708167404e-16,0.3571428571428572,0.3571428571428573,1.5715001262468251,0.053735189530410024,1.5514350767163103,1.59156517577734,3.9287503156170636,0.134337973826025,3.8785876917907767,3.9789129394433504,8.341164413630997,1.8112531455239034,7.664831373869959,9.017497453392034,12.603667437191652,2.6100205297234718,11.629069754328281,13.578265120055022,3.752163326629417,0.5630801849138384,3.541905730095704,3.96242092316313,15.041581206406551,1.4471857967190995,14.501193148882479,15.581969263930624,136.0,0.0,0.22666666666666663,2.823006427041851e-17,1.0,0.0,1.0,0.0,1.0,0.0,0.0,0.0
alarm_rate_sweep_attack,Alarm Rate Sweep (20.0/s),Strict,10.326330389218121,1.0173012145966838,9.94646387275625,10.706196905679992,15.086835722266573,1.4739705828706953,14.536446061221742,15.637225383311403,1.0,0.0,1.0,1.0,0.8286262669509338,0.018654900362829824,0.8216604126748422,0.8355921212270253,1.0,0.0,1.0,1.0,1.0,0.0,1.0,1.0,0.3494583117225057,0.0015312083185742534,0.348886549139695,0.35003007430531635,0.35714285714285726,1.1292025708167404e-16,0.3571428571428572,0.3571428571428573,1.3293741825690126,0.04244671715788626,1.3135243178970226,1.3452240472410026,3.323435456422532,0.10611679289471566,3.283810794742557,3.3630601181025073,0.12288788405545517,0.008973568507362487,0.1195370985061868,0.12623866960472355,0.30213550586085264,0.025997367125710585,0.29242792943655904,0.31184308228514623,7.597267837474008,0.7464980418076357,7.318520887585132,7.876014787362884,15.015249962718505,1.4678272950851123,14.467154243032681,15.563345682404329,,,,,,,,,,,,
alarm_rate_sweep_attack,Alarm Rate Sweep (20.0/s),FIFO,7.6385666772538885,0.7496347882856018,7.358648446980686,7.918484907527091,14.49295800737554,1.5132297876818526,13.927908718329979,15.058007296421101,1.0,0.0,1.0,1.0,0.9998871457459413,2.044910823186778e-05,0.9998795099234363,0.9998947815684462,1.0,0.0,1.0,1.0,1.0,0.0,1.0,1.0,0.99988719903338,1.5617522450067407e-05,0.9998813673546562,0.9998930307121038,0.35714285714285726,1.1292025708167404e-16,0.3571428571428572,0.3571428571428573,1.3293741825690126,0.04244671715788626,1.3135243178970226,1.3452240472410026,3.323435456422532,0.10611679289471566,3.283810794742557,3.3630601181025073,7.5148118644730015,0.7404906233521799,7.238308121501467,7.791315607444536,14.364755022397421,1.5129136033869337,13.79982379850793,14.929686246286913,7.597267837474007,0.7464980418076357,7.318520887585131,7.876014787362883,14.458109503521468,1.5175082814878669,13.89146259863266,15.024756408410276,,,,,,,,,,,,
alarm_rate_sweep_low,Alarm Rate Sweep (0.5/s),TRIAGE/4,0.020029225504891158,0.009404240760626298,0.016517624293322635,0.02354082671645968,0.09042482189763387,0.04551174344127934,0.07343045760209996,0.10741918619316779,1.0,0.0,1.0,1.0,0.6737122282976407,0.02055784308465834,0.6660358035313192,0.6813886530639621,1.0,0.0,1.0,1.0,1.0,0.0,1.0,1.0,0.6109402624591077,0.023300595011799277,0.6022396772915867,0.6196408476266287,0.9074074074074077,2.2584051416334807e-16,0.9074074074074076,0.9074074074074078,0.5046011500155188,0.0015080597174729497,0.5040380312624166,0.5051642687686209,1.7661040250543156,0.005278209011155301,1.7641331094184582,1.768074940690173,0.08137517244023074,0.007895790489975423,0.07842683581671767,0.0843235090637438,0.2542607115210622,0.027408837168723305,0.24402608352085745,0.264495339521267,0.10328667169497598,0.00911140933238022,0.09988441553575018,0.10668892785420177,0.30480832615151787,0.030228828459940134,0.2935206960975683,0.31609595620546743,0.0,0.0,0.0,0.0,1.0,0.0,1.0,0.0,1.0,0.0,0.0,0.0
alarm_rate_sweep_low,Alarm Rate Sweep (0.5/s),Strict,0.09687717297654287,0.0239944930560553,0.08791748202101221,0.10583686393207353,0.297650011497652,0.09570319569655336,0.2619138509171976,0.33338617207810645,1.0,0.0,1.0,1.0,0.6563249311301772,0.015509444910442552,0.6505336092229063,0.6621162530374481,1.0,0.0,1.0,1.0,1.0,0.0,1.0,1.0,0.7025716034977552,0.021265772060773024,0.6946308337073636,0.7105123732881468,0.9074074074074077,2.2584051416334807e-16,0.9074074074074076,0.9074074074074078,0.5046011500155188,0.0015080597174729497,0.5040380312624166,0.5051642687686209,1.7661040250543156,0.005278209011155301,1.7641331094184582,1.768074940690173,0.07756958484383594,0.00727124952200511,0.07485445565041983,0.08028471403725206,0.24264700603486664,0.026706272683833722,0.23267471992478791,0.2526192921449454,0.10328667169497598,0.009111409332380218,0.09988441553575018,0.10668892785420177,0.2980652135567871,0.02954078946055206,0.28703450148753795,0.30909592562603627,,,,,,,,,,,,
alarm_rate_sweep_low,Alarm Rate Sweep (0.5/s),FIFO,0.049917087094238415,0.016168448209038015,0.04387968931112811,0.05595448487734872,0.1986300351240172,0.05921542698006447,0.17651863129890996,0.22074143894912443,1.0,0.0,1.0,1.0,0.6446432816956787,0.02010551218817269,0.6371357600619503,0.6521508033294072,1.0,0.0,1.0,1.0,1.0,0.0,1.0,1.0,0.6693941104982165,0.03067266201420896,0.6579407502714039,0.6808474707250292,0.9074074074074077,2.2584051416334807e-16,0.9074074074074076,0.9074074074074078,0.5046011500155188,0.0015080597174729497,0.5040380312624166,0.5051642687686209,1.7661040250543156,0.005278209011155301,1.7641331094184582,1.768074940690173,0.10597545104278898,0.009056330290632993,0.10259376173575835,0.10935714034981961,0.3134806819823862,0.0337416395238058,0.30088134671991745,0.32608001724485497,0.10328667169497598,0.009111409332380218,0.09988441553575018,0.10668892785420177,0.2990257409088064,0.03070981838994031,0.28755850626327595,0.31049297555433686,,,,,,,,,,,,
alarm_rate_sweep_threshold,Alarm Rate Sweep (5.0/s),TRIAGE/4,0.03319573213462054,0.004182885780678043,0.03163381691475717,0.03475764735448392,0.1276848405360106,0.015558876216357105,0.1218750606757632,0.13349462039625798,1.0,0.0,1.0,1.0,0.7593007620800007,0.031459676489681274,0.7475535258183292,0.7710479983416723,1.0,0.0,1.0,1.0,1.0,0.0,1.0,1.0,0.6345848529997341,0.026750645478026653,0.6245959978159986,0.6445737081834696,0.8333333333333331,2.2584051416334807e-16,0.833333333333333,0.8333333333333333,2.0046888170202792,0.00739996890344226,2.0019256232199147,2.0074520108206437,2.5058610212753503,0.009249961129302871,2.5024070290248948,2.5093150135258058,0.13145357544127745,0.01563168630146637,0.12561660784843237,0.13729054303412253,0.4094915960639512,0.06139533787681749,0.3865662001324105,0.4324169919954919,0.12935252420566118,0.01653897289832215,0.12317677022975179,0.13552827818157057,0.4330926084732642,0.058754462206818014,0.4111533317233165,0.4550318852232119,0.0,0.0,0.0,0.0,1.0,0.0,1.0,0.0,1.0,0.0,0.0,0.0
alarm_rate_sweep_threshold,Alarm Rate Sweep (5.0/s),Strict,0.137900078627241,0.03038571348996842,0.1265538667403134,0.14924629051416857,0.5137477171262194,0.15550436473802365,0.45568143304037145,0.5718140012120673,1.0,0.0,1.0,1.0,0.7436451647181388,0.024162512629142444,0.7346227342229219,0.7526675952133557,1.0,0.0,1.0,1.0,1.0,0.0,1.0,1.0,0.7578540044815902,0.018714816201765568,0.7508657772635511,0.7648422316996294,0.8333333333333331,2.2584051416334807e-16,0.833333333333333,0.8333333333333333,2.0046888170202792,0.00739996890344226,2.0019256232199147,2.0074520108206437,2.5058610212753503,0.009249961129302871,2.5024070290248948,2.5093150135258058,0.09507508349172884,0.007275028718360838,0.09235854312320149,0.0977916238602562,0.26523751531038714,0.022504981121288417,0.25683401725207283,0.27364101336870145,0.12935252420566118,0.016538972898322152,0.12317677022975179,0.13552827818157057,0.39989284387887397,0.08188230893704453,0.3693174872298589,0.43046820052788903,,,,,,,,,,,,
alarm_rate_sweep_threshold,Alarm Rate Sweep (5.0/s),FIFO,0.11256508799487537,0.017639424083655098,0.10597841879315993,0.11915175719659081,0.37200163065923364,0.06528339700487669,0.3476244095891973,0.39637885172926995,1.0,0.0,1.0,1.0,0.7488891725403427,0.03378491011949577,0.7362736797719022,0.7615046653087832,1.0,0.0,1.0,1.0,1.0,0.0,1.0,1.0,0.8039898450842897,0.029445606851259503,0.792994674785463,0.8149850153831164,0.8333333333333331,2.2584051416334807e-16,0.833333333333333,0.8333333333333333,2.0046888170202792,0.00739996890344226,2.0019256232199147,2.0074520108206437,2.5058610212753503,0.009249961129302871,2.5024070290248948,2.5093150135258058,0.13765199685888882,0.016288483627722918,0.13156977711381324,0.1437342166039644,0.3885834501101691,0.0600504787847797,0.36616023281667026,0.4110066674036679,0.12935252420566118,0.016538972898322152,0.12317677022975179,0.13552827818157057,0.38050383992077114,0.06100687014249306,0.35772350022515975,0.4032841796163825,,,,,,,,,,,,
alarm_under_burst,Alarm Under Burst,TRIAGE/4,0.02383277054197195,0.03860132692870831,0.009418798179786567,0.03824674290415733,0.02383277054197195,0.03860132692870831,0.009418798179786567,0.03824674290415733,1.0,0.0,1.0,1.0,0.881153599801543,0.07245548455957147,0.8540982772252173,0.9082089223778687,1.0,0.0,1.0,1.0,1.0,0.0,1.0,1.0,0.6766805976997673,0.13544988189021845,0.6261027805787999,0.7272584148207347,0.6832239925023428,2.2584051416334807e-16,0.6832239925023427,0.6832239925023429,0.19819752138022295,0.004986322971353334,0.19633559778286172,0.20005944497758418,5.351333077266021,0.13463072022654,5.301061140137268,5.401605014394773,0.08861927416442399,0.06063492553804848,0.06597782086664625,0.11126072746220173,0.2568698433464703,0.13668007577960464,0.20583266427780378,0.3079070224151368,0.08781944078636904,0.06017309141806899,0.06535043918315592,0.11028844238958216,0.25633185643644957,0.13665628696515852,0.20530356025708343,0.30736015261581573,0.0,0.0,0.0,0.0,1.0,0.0,1.0,0.0,1.0,0.0,0.0,0.0
alarm_under_burst,Alarm Under Burst,Strict,0.4304569705630018,0.6205118627982477,0.198754033062936,0.6621599080630676,0.4304569705630018,0.6205118627982477,0.198754033062936,0.6621599080630676,1.0,0.0,1.0,1.0,0.8762793159875939,0.07358489264743076,0.8488022655003573,0.9037563664748305,1.0,0.0,1.0,1.0,1.0,0.0,1.0,1.0,0.7150001303210068,0.18834225391471401,0.6446719768984004,0.7853282837436133,0.6832239925023428,2.2584051416334807e-16,0.6832239925023427,0.6832239925023429,0.19819752138022295,0.004986322971353334,0.19633559778286172,0.20005944497758418,5.351333077266021,0.13463072022654,5.301061140137268,5.401605014394773,0.08353647166416112,0.055124609594543725,0.06295260415516406,0.10412033917315817,0.24717262314962846,0.12788085290897955,0.19942112789955557,0.29492411839970134,0.08781944078636904,0.06017309141806899,0.06535043918315592,0.11028844238958216,0.2515948567541288,0.13046886698311694,0.20287698116675668,0.3003127323415009,,,,,,,,,,,,
alarm_under_burst,Alarm Under Burst,FIFO,0.1678730916266672,0.14717330600519957,0.11291767599734795,0.22282850725598644,0.1678730916266672,0.14717330600519957,0.11291767599734795,0.22282850725598644,1.0,0.0,1.0,1.0,0.8793077516864344,0.0717569239409315,0.8525132759320063,0.9061022274408624,1.0,0.0,1.0,1.0,1.0,0.0,1.0,1.0,0.82302279450385,0.10580067654575537,0.7835161726085061,0.8625294163991938,0.6832239925023428,2.2584051416334807e-16,0.6832239925023427,0.6832239925023429,0.19819752138022295,0.004986322971353334,0.19633559778286172,0.20005944497758418,5.351333077266021,0.13463072022654,5.301061140137268,5.401605014394773,0.08681877015086531,0.05948692329729898,0.06460598793479548,0.10903155236693514,0.25251418261448183,0.13119633153310303,0.20352466729987093,0.3015036979290927,0.08781944078636904,0.06017309141806899,0.06535043918315592,0.11028844238958216,0.2541324042917782,0.1320503464142811,0.20482399457965267,0.3034408140039037,,,,,,,,,,,,
device_monopolization,Device Monopolization,TRIAGE/4,0.0,0.0,0.0,0.0,0.0,0.0,0.0,0.0,1.0,0.0,1.0,1.0,0.8273742619898005,0.10724347847323419,0.7873288890006096,0.8674196349789913,1.0,0.0,1.0,1.0,1.0,0.0,1.0,1.0,0.8273742619898005,0.10724347847323419,0.7873288890006096,0.8674196349789913,0.5990099009900988,2.2584051416334807e-16,0.5990099009900987,0.5990099009900989,0.8007085372195744,0.0011295329093669126,0.8002867626995466,0.8011303117396021,4.403896954707658,0.006212431001517965,4.401577194847505,4.406216714567812,0.012586215341049405,0.0028290958234537316,0.011529813599095072,0.013642617083003739,0.08501774706818234,0.01888823415418178,0.07796476452248692,0.09207072961387776,0.012586215341049405,0.0028290958234537316,0.011529813599095072,0.013642617083003739,0.08501774706818234,0.01888823415418178,0.07796476452248692,0.09207072961387776,0.0,0.0,0.0,0.0,1.0,0.0,1.0,0.0,0.0,0.0,0.0,0.0
device_monopolization,Device Monopolization,Strict,0.0,0.0,0.0,0.0,0.0,0.0,0.0,0.0,1.0,0.0,1.0,1.0,0.646270515955875,0.031193283255536334,0.6346227525626241,0.657918279349126,1.0,0.0,1.0,1.0,1.0,0.0,1.0,1.0,0.646270515955875,0.031193283255536334,0.6346227525626241,0.657918279349126,0.5990099009900988,2.2584051416334807e-16,0.5990099009900987,0.5990099009900989,0.8007085372195744,0.0011295329093669126,0.8002867626995466,0.8011303117396021,4.403896954707658,0.006212431001517965,4.401577194847505,4.406216714567812,0.012586215341049405,0.0028290958234537316,0.011529813599095072,0.013642617083003739,0.0855236000345768,0.01957801840726322,0.07821304781574168,0.09283415225341193,0.012586215341049405,0.0028290958234537316,0.011529813599095072,0.013642617083003739,0.0855236000345768,0.01957801840726322,0.07821304781574168,0.09283415225341193,,,,,,,,,,,,
device_monopolization,Device Monopolization,FIFO,0.0,0.0,0.0,0.0,0.0,0.0,0.0,0.0,1.0,0.0,1.0,1.0,0.646270515955875,0.031193283255536334,0.6346227525626241,0.657918279349126,1.0,0.0,1.0,1.0,1.0,0.0,1.0,1.0,0.646270515955875,0.031193283255536334,0.6346227525626241,0.657918279349126,0.5990099009900988,2.2584051416334807e-16,0.5990099009900987,0.5990099009900989,0.8007085372195744,0.0011295329093669126,0.8002867626995466,0.8011303117396021,4.403896954707658,0.006212431001517965,4.401577194847505,4.406216714567812,0.012586215341049405,0.0028290958234537316,0.011529813599095072,0.013642617083003739,0.0855236000345768,0.01957801840726322,0.07821304781574168,0.09283415225341193,0.012586215341049405,0.0028290958234537316,0.011529813599095072,0.013642617083003739,0.0855236000345768,0.01957801840726322,0.07821304781574168,0.09283415225341193,,,,,,,,,,,,
device_monopolization_sweep,Device Monopolization (Sweep),TRIAGE/4,0.0,0.0,0.0,0.0,0.0,0.0,0.0,0.0,1.0,0.0,1.0,1.0,0.6207149156552315,0.05581849043777969,0.5998719487811912,0.6415578825292718,1.0,0.0,1.0,1.0,1.0,0.0,1.0,1.0,0.6207149156552315,0.05581849043777969,0.5998719487811912,0.6415578825292718,0.6123384474521357,1.1292025708167404e-16,0.6123384474521357,0.6123384474521357,1.0997270463154907,0.0017061665676808167,1.0990899532487872,1.1003641393821941,5.3819975145439924,0.00834987577819547,5.378879619687247,5.385115409400738,0.04010118754028899,0.012393471236495516,0.03547338932484657,0.044728985755731414,0.20521259914385756,0.06384898903313639,0.1813709948130838,0.22905420347463132,0.04010118754028899,0.012393471236495516,0.03547338932484657,0.044728985755731414,0.20521259914385756,0.06384898903313639,0.1813709948130838,0.22905420347463132,0.0,0.0,0.0,0.0,1.0,0.0,1.0,0.0,0.0,0.0,0.0,0.0
device_monopolization_sweep,Device Monopolization (Sweep),Strict,0.0,0.0,0.0,0.0,0.0,0.0,0.0,0.0,1.0,0.0,1.0,1.0,0.934125649550928,0.055628529373528565,0.9133536153040243,0.9548976837978318,1.0,0.0,1.0,1.0,1.0,0.0,1.0,1.0,0.934125649550928,0.055628529373528565,0.9133536153040243,0.9548976837978318,0.6123384474521357,1.1292025708167404e-16,0.6123384474521357,0.6123384474521357,1.0997270463154907,0.0017061665676808167,1.0990899532487872,1.1003641393821941,5.3819975145439924,0.00834987577819547,5.378879619687247,5.385115409400738,0.04010118754028899,0.012393471236495516,0.03547338932484657,0.044728985755731414,0.2031743018672301,0.06303098648908095,0.1796381447062904,0.2267104590281698,0.04010118754028899,0.012393471236495516,0.03547338932484657,0.044728985755731414,0.2031743018672301,0.06303098648908095,0.1796381447062904,0.2267104590281698,,,,,,,,,,,,
device_monopolization_sweep,Device Monopolization (Sweep),FIFO,0.0,0.0,0.0,0.0,0.0,0.0,0.0,0.0,1.0,0.0,1.0,1.0,0.934125649550928,0.055628529373528565,0.9133536153040243,0.9548976837978318,1.0,0.0,1.0,1.0,1.0,0.0,1.0,1.0,0.934125649550928,0.055628529373528565,0.9133536153040243,0.9548976837978318,0.6123384474521357,1.1292025708167404e-16,0.6123384474521357,0.6123384474521357,1.0997270463154907,0.0017061665676808167,1.0990899532487872,1.1003641393821941,5.3819975145439924,0.00834987577819547,5.378879619687247,5.385115409400738,0.04010118754028899,0.012393471236495516,0.03547338932484657,0.044728985755731414,0.2031743018672301,0.06303098648908095,0.1796381447062904,0.2267104590281698,0.04010118754028899,0.012393471236495516,0.03547338932484657,0.044728985755731414,0.2031743018672301,0.06303098648908095,0.1796381447062904,0.2267104590281698,,,,,,,,,,,,
legit_extreme_emergency,Legitimate Extreme Emergency,TRIAGE/4,0.1918848980435924,0.050329928275447175,0.17309139396294543,0.21067840212423938,0.43543487732418845,0.11971794816820028,0.39073146079809434,0.48013829385028256,0.7307606771743899,0.06782646460441198,0.7054338590564964,0.7560874952922834,0.736500072319728,0.0979867530730426,0.6999112174012533,0.7730889272382028,0.6681597400645967,0.08578274841834534,0.6361279353772104,0.700191544751983,0.6717258015196201,0.10004651524657762,0.6343678187652853,0.709083784273955,0.5435094489159111,0.05047287527908452,0.5246625675468748,0.5623563302849475,0.5334156233468526,1.1292025708167404e-16,0.5334156233468526,0.5334156233468526,0.10009045298294149,0.00021120290825028137,0.10001158852089967,0.10016931744498331,0.611663879340198,0.0012906844393072937,0.6111819298499425,0.6121458288304534,0.028577384148843882,0.007661988283950922,0.025716350703847944,0.03143841759383982,0.1624879325183975,0.0737536516306453,0.1349478663911955,0.1900279986455995,0.05539138630879797,0.01470411657670295,0.04990077894345058,0.06088199367414535,0.33038795044985825,0.09105541455118144,0.2963872998713943,0.3643886010283222,0.0,0.0,0.0,0.0,1.0,0.0,0.9448875170118947,0.016352425793459135,6.0,0.0,0.23908941825436172,0.03899421339534921
legit_extreme_emergency,Legitimate Extreme Emergency,Strict,0.2866742833883906,0.0705042204677986,0.2603475747983686,0.31300099197841263,0.7901035873223373,0.1786241878092034,0.7234042194209493,0.8568029552237253,0.6044112278729125,0.06737899483682194,0.5792514977122508,0.6295709580335741,0.7730428017696701,0.09252099079688639,0.738494896027173,0.8075907075121672,0.6844756060386767,0.11118427496976162,0.6429587154539678,0.7259924966233857,0.6902020710462546,0.10345362621753025,0.6515718521467502,0.7288322899457591,0.395398536919927,0.039937558015682016,0.38048560766973866,0.4103114661701153,0.5334156233468526,1.1292025708167404e-16,0.5334156233468526,0.5334156233468526,0.10009045298294149,0.00021120290825028137,0.10001158852089967,0.10016931744498331,0.611663879340198,0.0012906844393072937,0.6111819298499425,0.6121458288304534,0.015963120345103162,0.004707074028675194,0.014205470016621173,0.017720770673585153,0.0965843918903335,0.030186181227857902,0.0853126865745592,0.10785609720610781,0.05539138630879797,0.01470411657670295,0.04990077894345058,0.06088199367414535,0.3519572339296648,0.10929586005457533,0.3111454890630319,0.39276897879629774,,,,,,,,,,,,
legit_extreme_emergency,Legitimate Extreme Emergency,FIFO,0.22626534339718818,0.05455398125974717,0.2058945520102122,0.24663613478416416,0.48547207381743085,0.13497730796464835,0.4350707187003432,0.5358734289345185,0.7649336141485255,0.05052685509884383,0.7460665763835299,0.783800651913521,0.7970375818840506,0.09351197291797557,0.7621196373361213,0.8319555264319799,0.7520115075755566,0.12081798033097697,0.7068973322892503,0.7971256828618628,0.7563386835389398,0.1229768807334566,0.7104183615936982,0.8022590054841815,0.5378874036366166,0.03722981728216376,0.5239855613930738,0.5517892458801593,0.5334156233468526,1.1292025708167404e-16,0.5334156233468526,0.5334156233468526,0.10009045298294149,0.00021120290825028137,0.10001158852089967,0.10016931744498331,0.611663879340198,0.0012906844393072937,0.6111819298499425,0.6121458288304534,0.03743620627931801,0.011929617949932025,0.03298161372763381,0.04189079883100222,0.24667216940933728,0.09993091712675288,0.20935735170234265,0.2839869871163319,0.05539138630879797,0.01470411657670295,0.04990077894345058,0.06088199367414535,0.34106909157534177,0.08889624864085184,0.3078746867980738,0.37426349635260975,,,,,,,,,,,,
multi_zone_emergency,Multi-Zone Emergency,TRIAGE/4,0.02871718300498588,0.024420867640288398,0.019598281163144892,0.037836084846826865,0.08641942107785992,0.07072364880500491,0.06001077660014642,0.11282806555557343,0.5086139794942468,0.047180708788859396,0.4909964132958899,0.5262315456926038,0.6999796830325313,0.044674659754456704,0.683297890922637,0.7166614751424256,0.9614438682560116,0.014217283453007667,0.9561350473666291,0.966752689145394,0.9865843383261946,0.004517403886495009,0.9848975119927625,0.9882711646596267,0.6448968592244663,0.030250083541162428,0.633601292392751,0.6561924260561816,0.9310344827586204,2.2584051416334807e-16,0.9310344827586203,0.9310344827586206,0.16144559380885767,0.0013340145107193216,0.16094746460403073,0.16194372301368462,0.4843367814265729,0.004002043532157933,0.48284239381209204,0.4858311690410537,0.08620529425285729,0.01821282715741657,0.07940451282456336,0.09300607568115123,0.2521306042163971,0.05946557887110176,0.2299257921400549,0.27433541629273933,0.2716061608571032,0.02658935343675377,0.26167753311138925,0.28153478860281717,0.6330399530664482,0.0787421486036952,0.6036371515563101,0.6624427545765863,0.0,0.0,0.0,0.0,1.0,0.0,0.5086139794942468,0.047180708788859396,2.0,0.0,0.985479537525591,0.07953184842641098
multi_zone_emergency,Multi-Zone Emergency,Strict,0.15887759689091444,0.04763602273553974,0.14109001367071553,0.17666518011111335,0.48382694645715935,0.13783712247906313,0.4323577190503993,0.5352961738639194,0.8618915103799648,0.07773363663181458,0.832865293429121,0.8909177273308087,0.6440349302355755,0.03311195124559529,0.6316707244404351,0.6563991360307158,0.9571884817911968,0.015132542614614459,0.9515378975141463,0.9628390660682472,0.9852602432260462,0.004780243496861191,0.9834752709691202,0.9870452154829722,0.7006525542380433,0.031101493825558827,0.6890390655812355,0.7122660428948511,0.9310344827586204,2.2584051416334807e-16,0.9310344827586203,0.9310344827586206,0.16144559380885767,0.0013340145107193216,0.16094746460403073,0.16194372301368462,0.4843367814265729,0.004002043532157933,0.48284239381209204,0.4858311690410537,0.07623299921378636,0.015514455573743272,0.07043980629408972,0.082026192133483,0.23299490712781487,0.05732841627569003,0.21158812467984928,0.25440168957578047,0.2716061608571032,0.026589353436753768,0.26167753311138925,0.28153478860281717,0.6330399530664482,0.0787421486036952,0.6036371515563101,0.6624427545765863,,,,,,,,,,,,
multi_zone_emergency,Multi-Zone Emergency,FIFO,0.2260941156225397,0.05689952693724852,0.2048474830855383,0.2473407481595411,0.6310185312520424,0.15745085233311815,0.5722254167530627,0.6898116457510222,0.9770853367783132,0.03242010924519081,0.964979469031791,0.9891912045248354,0.6440349302355755,0.03311195124559529,0.6316707244404351,0.6563991360307158,0.9594080467491899,0.014447615317507134,0.9540132185281124,0.9648028749702674,0.9858852457409053,0.00473568287719572,0.9841169126928202,0.9876535787889904,0.7315798531739144,0.029974066548084974,0.7203873527812638,0.742772353566565,0.9310344827586204,2.2584051416334807e-16,0.9310344827586203,0.9310344827586206,0.16144559380885767,0.0013340145107193216,0.16094746460403073,0.16194372301368462,0.4843367814265729,0.004002043532157933,0.48284239381209204,0.4858311690410537,0.07623299921378636,0.015514455573743272,0.07043980629408972,0.082026192133483,0.23299490712781487,0.05732841627569003,0.21158812467984928,0.25440168957578047,0.2716061608571032,0.02658935343675377,0.26167753311138925,0.28153478860281717,0.6330399530664482,0.0787421486036952,0.6036371515563101,0.6624427545765863,,,,,,,,,,,,
multi_zone_emergency_cascade,Multi-Zone Emergency (Cascade),TRIAGE/4,0.012338732380388684,0.012626167849413172,0.007624043821679983,0.017053420939097383,0.06066514554128231,0.06174454261426706,0.037609354417792965,0.08372093666477165,0.3333333333333334,1.0256491690143305e-16,0.33333333333333337,0.3333333333333335,0.629509731807487,0.0372515578914854,0.6155997714870067,0.6434196921279673,0.9599854031448497,0.015512785286681974,0.9541928339205918,0.9657779723691076,0.9834545556683272,0.007369988087789992,0.9807025568885123,0.9862065544481421,0.5827718777227751,0.02255544742381121,0.5743495352373993,0.5911942202081508,0.9245283018867922,2.2584051416334807e-16,0.9245283018867921,0.9245283018867924,0.059329098080524494,0.00021281716757864868,0.05924963084414315,0.05940856531690584,0.13843456218789055,0.0004965733910168462,0.1382491386363341,0.138619985739447,0.07509984025131654,0.016275200071343577,0.06902258066771098,0.08117709983492209,0.21941062408484993,0.04623042889248066,0.2021478982314387,0.23667334993826117,0.251503091437848,0.02941921735013242,0.24051777514068817,0.2624884077350078,0.6174694063659625,0.07136209995670975,0.5908223603101821,0.6441164524217429,0.0,0.0,0.0,0.0,1.0,0.0,0.3333333333333334,1.0256491690143305e-16,3.0,0.0,1.4142135623730947,3.9548966615475634e-16
multi_zone_emergency_cascade,Multi-Zone Emergency (Cascade),Strict,0.012338732380388684,0.012626167849413172,0.007624043821679983,0.017053420939097383,0.06066514554128231,0.06174454261426706,0.037609354417792965,0.08372093666477165,0.3333333333333334,1.0256491690143305e-16,0.33333333333333337,0.3333333333333335,0.629509731807487,0.0372515578914854,0.6155997714870067,0.6434196921279673,0.9599854031448497,0.015512785286681974,0.9541928339205918,0.9657779723691076,0.9834545556683272,0.007369988087789992,0.9807025568885123,0.9862065544481421,0.5827718777227751,0.02255544742381121,0.5743495352373993,0.5911942202081508,0.9245283018867922,2.2584051416334807e-16,0.9245283018867921,0.9245283018867924,0.059329098080524494,0.00021281716757864868,0.05924963084414315,0.05940856531690584,0.13843456218789055,0.0004965733910168462,0.1382491386363341,0.138619985739447,0.07509984025131654,0.016275200071343577,0.06902258066771098,0.08117709983492209,0.21941062408484993,0.04623042889248066,0.2021478982314387,0.23667334993826117,0.251503091437848,0.02941921735013242,0.24051777514068817,0.2624884077350078,0.6174694063659625,0.07136209995670975,0.5908223603101821,0.6441164524217429,,,,,,,,,,,,
multi_zone_emergency_cascade,Multi-Zone Emergency (Cascade),FIFO,0.012338732380388684,0.012626167849413172,0.007624043821679983,0.017053420939097383,0.06066514554128231,0.06174454261426706,0.037609354417792965,0.08372093666477165,0.3333333333333334,1.0256491690143305e-16,0.33333333333333337,0.3333333333333335,0.629509731807487,0.0372515578914854,0.6155997714870067,0.6434196921279673,0.9599854031448497,0.015512785286681974,0.9541928339205918,0.9657779723691076,0.9834545556683272,0.007369988087789992,0.9807025568885123,0.9862065544481421,0.5827718777227751,0.02255544742381121,0.5743495352373993,0.5911942202081508,0.9245283018867922,2.2584051416334807e-16,0.9245283018867921,0.9245283018867924,0.059329098080524494,0.00021281716757864868,0.05924963084414315,0.05940856531690584,0.13843456218789055,0.0004965733910168462,0.1382491386363341,0.138619985739447,0.07509984025131654,0.016275200071343577,0.06902258066771098,0.08117709983492209,0.21941062408484993,0.04623042889248066,0.2021478982314387,0.23667334993826117,0.251503091437848,0.02941921735013242,0.24051777514068817,0.2624884077350078,0.6174694063659625,0.07136209995670975,0.5908223603101821,0.6441164524217429,,,,,,,,,,,,
