manuscript_id,scenario,scheduler,rep,inversions,worst_overtaken
C3,c3_multi_zone_emergency,fifo,0,0,0
C3,c3_multi_zone_emergency,fifo,1,0,0
C3,c3_multi_zone_emergency,fifo,10,0,0
C3,c3_multi_zone_emergency,fifo,11,0,0
C3,c3_multi_zone_emergency,fifo,12,0,0
C3,c3_multi_zone_emergency,fifo,13,0,0
C3,c3_multi_zone_emergency,fifo,14,0,0
C3,c3_multi_zone_emergency,fifo,15,0,0
C3,c3_multi_zone_emergency,fifo,16,0,0
C3,c3_multi_zone_emergency,fifo,17,0,0
C3,c3_multi_zone_emergency,fifo,18,0,0
C3,c3_multi_zone_emergency,fifo,19,0,0
C3,c3_multi_zone_emergency,fifo,2,0,0
C3,c3_multi_zone_emergency,fifo,20,0,0
C3,c3_multi_zone_emergency,fifo,21,0,0
C3,c3_multi_zone_emergency,fifo,22,0,0
C3,c3_multi_zone_emergency,fifo,23,0,0
C3,c3_multi_zone_emergency,fifo,24,0,0
C3,c3_multi_zone_emergency,fifo,25,0,0
C3,c3_multi_zone_emergency,fifo,26,0,0
C3,c3_multi_zone_emergency,fifo,27,0,0
C3,c3_multi_zone_emergency,fifo,28,0,0
C3,c3_multi_zone_emergency,fifo,29,0,0
C3,c3_multi_zone_emergency,fifo,3,0,0
C3,c3_multi_zone_emergency,fifo,4,0,0
C3,c3_multi_zone_emergency,fifo,5,0,0
C3,c3_multi_zone_emergency,fifo,6,0,0
C3,c3_multi_zone_emergency,fifo,7,0,0
C3,c3_multi_zone_emergency,fifo,8,0,0
C3,c3_multi_zone_emergency,fifo,9,0,0
C3,c3_multi_zone_emergency,strict,0,48,24
C3,c3_multi_zone_emergency,strict,1,48,24
C3,c3_multi_zone_emergency,strict,10,48,24
C3,c3_multi_zone_emergency,strict,11,48,24
C3,c3_multi_zone_emergency,strict,12,48,24
C3,c3_multi_zone_emergency,strict,13,48,24
C3,c3_multi_zone_emergency,strict,14,48,24
C3,c3_multi_zone_emergency,strict,15,48,24
C3,c3_multi_zone_emergency,strict,16,48,24
C3,c3_multi_zone_emergency,strict,17,48,24
C3,c3_multi_zone_emergency,strict,18,48,24
C3,c3_multi_zone_emergency,strict,19,48,24
C3,c3_multi_zone_emergency,strict,2,48,24
C3,c3_multi_zone_emergency,strict,20,48,24
C3,c3_multi_zone_emergency,strict,21,48,24
C3,c3_multi_zone_emergency,strict,22,48,24
C3,c3_multi_zone_emergency,strict,23,48,24
C3,c3_multi_zone_emergency,strict,24,48,24
C3,c3_multi_zone_emergency,strict,25,48,24
C3,c3_multi_zone_emergency,strict,26,48,24
C3,c3_multi_zone_emergency,strict,27,48,24
C3,c3_multi_zone_emergency,strict,28,48,24
C3,c3_multi_zone_emergency,strict,29,48,24
C3,c3_multi_zone_emergency,strict,3,48,24
C3,c3_multi_zone_emergency,strict,4,48,24
C3,c3_multi_zone_emergency,strict,5,48,24
C3,c3_multi_zone_emergency,strict,6,48,24
C3,c3_multi_zone_emergency,strict,7,48,24
C3,c3_multi_zone_emergency,strict,8,48,24
C3,c3_multi_zone_emergency,strict,9,48,24
C3,c3_multi_zone_emergency,wfq,0,26,10
C3,c3_multi_zone_emergency,wfq,1,32,10
C3,c3_multi_zone_emergency,wfq,10,26,8
C3,c3_multi_zone_emergency,wfq,11,21,10
C3,c3_multi_zone_emergency,wfq,12,25,10
C3,c3_multi_zone_emergency,wfq,13,25,12
C3,c3_multi_zone_emergency,wfq,14,24,8
C3,c3_multi_zone_emergency,wfq,15,23,10
C3,c3_multi_zone_emergency,wfq,16,26,10
C3,c3_multi_zone_emergency,wfq,17,34,10
C3,c3_multi_zone_emergency,wfq,18,26,10
C3,c3_multi_zone_emergency,wfq,19,28,10
C3,c3_multi_zone_emergency,wfq,2,27,8
C3,c3_multi_zone_emergency,wfq,20,25,12
C3,c3_multi_zone_emergency,wfq,21,28,12
C3,c3_multi_zone_emergency,wfq,22,28,12
C3,c3_multi_zone_emergency,wfq,23,28,12
C3,c3_multi_zone_emergency,wfq,24,28,8
C3,c3_multi_zone_emergency,wfq,25,23,10
C3,c3_multi_zone_emergency,wfq,26,32,12
C3,c3_multi_zone_emergency,wfq,27,31,12
C3,c3_multi_zone_emergency,wfq,28,23,8
C3,c3_multi_zone_emergency,wfq,29,27,10
C3,c3_multi_zone_emergency,wfq,3,32,10
C3,c3_multi_zone_emergency,wfq,4,28,12
C3,c3_multi_zone_emergency,wfq,5,30,12
C3,c3_multi_zone_emergency,wfq,6,28,10
C3,c3_multi_zone_emergency,wfq,7,35,10
C3,c3_multi_zone_emergency,wfq,8,25,8
C3,c3_multi_zone_emergency,wfq,9,32,10
C3,c3_multi_zone_emergency,drr,0,0,0
C3,c3_multi_zone_emergency,drr,1,0,0
C3,c3_multi_zone_emergency,drr,10,0,0
C3,c3_multi_zone_emergency,drr,11,0,0
C3,c3_multi_zone_emergency,drr,12,0,0
C3,c3_multi_zone_emergency,drr,13,0,0
C3,c3_multi_zone_emergency,drr,14,0,0
C3,c3_multi_zone_emergency,drr,15,0,0
C3,c3_multi_zone_emergency,drr,16,0,0
C3,c3_multi_zone_emergency,drr,17,0,0
C3,c3_multi_zone_emergency,drr,18,0,0
C3,c3_multi_zone_emergency,drr,19,0,0
C3,c3_multi_zone_emergency,drr,2,0,0
C3,c3_multi_zone_emergency,drr,20,0,0
C3,c3_multi_zone_emergency,drr,21,0,0
C3,c3_multi_zone_emergency,drr,22,0,0
C3,c3_multi_zone_emergency,drr,23,0,0
C3,c3_multi_zone_emergency,drr,24,0,0
C3,c3_multi_zone_emergency,drr,25,0,0
C3,c3_multi_zone_emergency,drr,26,0,0
C3,c3_multi_zone_emergency,drr,27,0,0
C3,c3_multi_zone_emergency,drr,28,0,0
C3,c3_multi_zone_emergency,drr,29,0,0
C3,c3_multi_zone_emergency,drr,3,0,0
C3,c3_multi_zone_emergency,drr,4,0,0
C3,c3_multi_zone_emergency,drr,5,0,0
C3,c3_multi_zone_emergency,drr,6,0,0
C3,c3_multi_zone_emergency,drr,7,0,0
C3,c3_multi_zone_emergency,drr,8,0,0
C3,c3_multi_zone_emergency,drr,9,0,0
C3,c3_multi_zone_emergency,tbp,0,88,40
C3,c3_multi_zone_emergency,tbp,1,88,40
C3,c3_multi_zone_emergency,tbp,10,88,40
C3,c3_multi_zone_emergency,tbp,11,88,40
C3,c3_multi_zone_emergency,tbp,12,88,40
C3,c3_multi_zone_emergency,tbp,13,88,40
C3,c3_multi_zone_emergency,tbp,14,88,40
C3,c3_multi_zone_emergency,tbp,15,88,40
C3,c3_multi_zone_emergency,tbp,16,88,40
C3,c3_multi_zone_emergency,tbp,17,88,40
C3,c3_multi_zone_emergency,tbp,18,88,40
C3,c3_multi_zone_emergency,tbp,19,88,40
C3,c3_multi_zone_emergency,tbp,2,88,40
C3,c3_multi_zone_emergency,tbp,20,88,40
C3,c3_multi_zone_emergency,tbp,21,88,40
C3,c3_multi_zone_emergency,tbp,22,88,40
C3,c3_multi_zone_emergency,tbp,23,88,40
C3,c3_multi_zone_emergency,tbp,24,88,40
C3,c3_multi_zone_emergency,tbp,25,88,40
C3,c3_multi_zone_emergency,tbp,26,88,40
C3,c3_multi_zone_emergency,tbp,27,88,40
C3,c3_multi_zone_emergency,tbp,28,88,40
C3,c3_multi_zone_emergency,tbp,29,88,40
C3,c3_multi_zone_emergency,tbp,3,88,40
C3,c3_multi_zone_emergency,tbp,4,88,40
C3,c3_multi_zone_emergency,tbp,5,88,40
C3,c3_multi_zone_emergency,tbp,6,88,40
C3,c3_multi_zone_emergency,tbp,7,88,40
C3,c3_multi_zone_emergency,tbp,8,88,40
C3,c3_multi_zone_emergency,tbp,9,88,40
C3,c3_multi_zone_emergency,triage4,0,0,0
C3,c3_multi_zone_emergency,triage4,1,0,0
C3,c3_multi_zone_emergency,triage4,10,0,0
C3,c3_multi_zone_emergency,triage4,11,0,0
C3,c3_multi_zone_emergency,triage4,12,0,0
C3,c3_multi_zone_emergency,triage4,13,0,0
C3,c3_multi_zone_emergency,triage4,14,0,0
C3,c3_multi_zone_emergency,triage4,15,0,0
C3,c3_multi_zone_emergency,triage4,16,0,0
C3,c3_multi_zone_emergency,triage4,17,0,0
C3,c3_multi_zone_emergency,triage4,18,0,0
C3,c3_multi_zone_emergency,triage4,19,0,0
C3,c3_multi_zone_emergency,triage4,2,0,0
C3,c3_multi_zone_emergency,triage4,20,0,0
C3,c3_multi_zone_emergency,triage4,21,0,0
C3,c3_multi_zone_emergency,triage4,22,0,0
C3,c3_multi_zone_emergency,triage4,23,0,0
C3,c3_multi_zone_emergency,triage4,24,0,0
C3,c3_multi_zone_emergency,triage4,25,0,0
C3,c3_multi_zone_emergency,triage4,26,0,0
C3,c3_multi_zone_emergency,triage4,27,0,0
C3,c3_multi_zone_emergency,triage4,28,0,0
C3,c3_multi_zone_emergency,triage4,29,0,0
C3,c3_multi_zone_emergency,triage4,3,0,0
C3,c3_multi_zone_emergency,triage4,4,0,0
C3,c3_multi_zone_emergency,triage4,5,0,0
C3,c3_multi_zone_emergency,triage4,6,0,0
C3,c3_multi_zone_emergency,triage4,7,0,0
C3,c3_multi_zone_emergency,triage4,8,0,0
C3,c3_multi_zone_emergency,triage4,9,0,0
H1,hw_flood_attack,fifo,0,156,4
H1,hw_flood_attack,fifo,1,179,5
H1,hw_flood_attack,fifo,10,220,5
H1,hw_flood_attack,fifo,11,144,5
H1,hw_flood_attack,fifo,12,197,5
H1,hw_flood_attack,fifo,13,136,5
H1,hw_flood_attack,fifo,14,174,5
H1,hw_flood_attack,fifo,15,173,5
H1,hw_flood_attack,fifo,16,184,5
H1,hw_flood_attack,fifo,17,193,5
H1,hw_flood_attack,fifo,18,189,5
H1,hw_flood_attack,fifo,19,188,5
H1,hw_flood_attack,fifo,2,139,5
H1,hw_flood_attack,fifo,20,192,5
H1,hw_flood_attack,fifo,21,164,5
H1,hw_flood_attack,fifo,22,173,5
H1,hw_flood_attack,fifo,23,176,5
H1,hw_flood_attack,fifo,24,151,5
H1,hw_flood_attack,fifo,25,173,5
H1,hw_flood_attack,fifo,26,175,5
H1,hw_flood_attack,fifo,27,180,5
H1,hw_flood_attack,fifo,28,172,5
H1,hw_flood_attack,fifo,29,177,5
H1,hw_flood_attack,fifo,3,183,5
H1,hw_flood_attack,fifo,4,170,5
H1,hw_flood_attack,fifo,5,158,5
H1,hw_flood_attack,fifo,6,176,5
H1,hw_flood_attack,fifo,7,178,5
H1,hw_flood_attack,fifo,8,166,5
H1,hw_flood_attack,fifo,9,184,5
H1,hw_flood_attack,strict,0,8388,35
H1,hw_flood_attack,strict,1,8388,35
H1,hw_flood_attack,strict,10,8388,35
H1,hw_flood_attack,strict,11,8388,35
H1,hw_flood_attack,strict,12,8388,35
H1,hw_flood_attack,strict,13,8388,35
H1,hw_flood_attack,strict,14,8388,35
H1,hw_flood_attack,strict,15,8388,35
H1,hw_flood_attack,strict,16,8388,35
H1,hw_flood_attack,strict,17,8388,35
H1,hw_flood_attack,strict,18,8394,35
H1,hw_flood_attack,strict,19,8384,35
H1,hw_flood_attack,strict,2,8388,35
H1,hw_flood_attack,strict,20,8388,35
H1,hw_flood_attack,strict,21,8384,35
H1,hw_flood_attack,strict,22,8388,35
H1,hw_flood_attack,strict,23,8399,35
H1,hw_flood_attack,strict,24,8394,35
H1,hw_flood_attack,strict,25,8388,35
H1,hw_flood_attack,strict,26,8394,35
H1,hw_flood_attack,strict,27,8388,35
H1,hw_flood_attack,strict,28,8388,35
H1,hw_flood_attack,strict,29,8388,35
H1,hw_flood_attack,strict,3,8390,35
H1,hw_flood_attack,strict,4,8394,35
H1,hw_flood_attack,strict,5,8388,35
H1,hw_flood_attack,strict,6,8388,35
H1,hw_flood_attack,strict,7,8388,35
H1,hw_flood_attack,strict,8,8388,35
H1,hw_flood_attack,strict,9,8388,35
H1,hw_flood_attack,wfq,0,6810,30
H1,hw_flood_attack,wfq,1,6977,30
H1,hw_flood_attack,wfq,10,6794,30
H1,hw_flood_attack,wfq,11,6977,30
H1,hw_flood_attack,wfq,12,6514,30
H1,hw_flood_attack,wfq,13,6713,27
H1,hw_flood_attack,wfq,14,6641,26
H1,hw_flood_attack,wfq,15,6790,26
H1,hw_flood_attack,wfq,16,6850,30
H1,hw_flood_attack,wfq,17,6850,30
H1,hw_flood_attack,wfq,18,6978,30
H1,hw_flood_attack,wfq,19,6708,30
H1,hw_flood_attack,wfq,2,6794,30
H1,hw_flood_attack,wfq,20,6749,28
H1,hw_flood_attack,wfq,21,6937,30
H1,hw_flood_attack,wfq,22,6822,30
H1,hw_flood_attack,wfq,23,6828,30
H1,hw_flood_attack,wfq,24,6794,30
H1,hw_flood_attack,wfq,25,6592,26
H1,hw_flood_attack,wfq,26,6794,30
H1,hw_flood_attack,wfq,27,6963,30
H1,hw_flood_attack,wfq,28,6785,30
H1,hw_flood_attack,wfq,29,6794,30
H1,hw_flood_attack,wfq,3,6978,30
H1,hw_flood_attack,wfq,4,6709,30
H1,hw_flood_attack,wfq,5,6953,30
H1,hw_flood_attack,wfq,6,6816,30
H1,hw_flood_attack,wfq,7,6776,30
H1,hw_flood_attack,wfq,8,6962,30
H1,hw_flood_attack,wfq,9,6978,30
H1,hw_flood_attack,drr,0,8223,35
H1,hw_flood_attack,drr,1,8210,35
H1,hw_flood_attack,drr,10,8232,35
H1,hw_flood_attack,drr,11,8245,35
H1,hw_flood_attack,drr,12,8258,35
H1,hw_flood_attack,drr,13,8263,35
H1,hw_flood_attack,drr,14,8261,35
H1,hw_flood_attack,drr,15,8250,35
H1,hw_flood_attack,drr,16,8213,35
H1,hw_flood_attack,drr,17,8243,35
H1,hw_flood_attack,drr,18,8227,35
H1,hw_flood_attack,drr,19,8246,35
H1,hw_flood_attack,drr,2,8231,35
H1,hw_flood_attack,drr,20,8227,35
H1,hw_flood_attack,drr,21,8237,35
H1,hw_flood_attack,drr,22,8228,35
H1,hw_flood_attack,drr,23,8246,35
H1,hw_flood_attack,drr,24,8228,35
H1,hw_flood_attack,drr,25,8240,35
H1,hw_flood_attack,drr,26,8242,35
H1,hw_flood_attack,drr,27,8232,35
H1,hw_flood_attack,drr,28,8227,35
H1,hw_flood_attack,drr,29,8244,35
H1,hw_flood_attack,drr,3,8248,35
H1,hw_flood_attack,drr,4,8228,35
H1,hw_flood_attack,drr,5,8231,35
H1,hw_flood_attack,drr,6,8225,35
H1,hw_flood_attack,drr,7,8239,35
H1,hw_flood_attack,drr,8,8246,35
H1,hw_flood_attack,drr,9,8247,35
H1,hw_flood_attack,tbp,0,15097,65
H1,hw_flood_attack,tbp,1,15074,65
H1,hw_flood_attack,tbp,10,15080,65
H1,hw_flood_attack,tbp,11,15099,65
H1,hw_flood_attack,tbp,12,15080,65
H1,hw_flood_attack,tbp,13,15081,65
H1,hw_flood_attack,tbp,14,15081,65
H1,hw_flood_attack,tbp,15,15104,65
H1,hw_flood_attack,tbp,16,15104,65
H1,hw_flood_attack,tbp,17,15080,65
H1,hw_flood_attack,tbp,18,15081,65
H1,hw_flood_attack,tbp,19,15102,65
H1,hw_flood_attack,tbp,2,15076,65
H1,hw_flood_attack,tbp,20,15099,65
H1,hw_flood_attack,tbp,21,15080,65
H1,hw_flood_attack,tbp,22,15082,65
H1,hw_flood_attack,tbp,23,15078,65
H1,hw_flood_attack,tbp,24,15099,65
H1,hw_flood_attack,tbp,25,15080,65
H1,hw_flood_attack,tbp,26,15104,65
H1,hw_flood_attack,tbp,27,15080,65
H1,hw_flood_attack,tbp,28,15102,65
H1,hw_flood_attack,tbp,29,15099,65
H1,hw_flood_attack,tbp,3,15084,65
H1,hw_flood_attack,tbp,4,15079,65
H1,hw_flood_attack,tbp,5,15080,65
H1,hw_flood_attack,tbp,6,15104,65
H1,hw_flood_attack,tbp,7,15080,65
H1,hw_flood_attack,tbp,8,15104,65
H1,hw_flood_attack,tbp,9,15080,65
H1,hw_flood_attack,triage4,0,0,0
H1,hw_flood_attack,triage4,1,0,0
H1,hw_flood_attack,triage4,10,0,0
H1,hw_flood_attack,triage4,11,2,1
H1,hw_flood_attack,triage4,12,2,1
H1,hw_flood_attack,triage4,13,0,0
H1,hw_flood_attack,triage4,14,2,1
H1,hw_flood_attack,triage4,15,2,1
H1,hw_flood_attack,triage4,16,0,0
H1,hw_flood_attack,triage4,17,0,0
H1,hw_flood_attack,triage4,18,0,0
H1,hw_flood_attack,triage4,19,0,0
H1,hw_flood_attack,triage4,2,0,0
H1,hw_flood_attack,triage4,20,0,0
H1,hw_flood_attack,triage4,21,0,0
H1,hw_flood_attack,triage4,22,0,0
H1,hw_flood_attack,triage4,23,2,1
H1,hw_flood_attack,triage4,24,2,1
H1,hw_flood_attack,triage4,25,0,0
H1,hw_flood_attack,triage4,26,0,0
H1,hw_flood_attack,triage4,27,0,0
H1,hw_flood_attack,triage4,28,0,0
H1,hw_flood_attack,triage4,29,0,0
H1,hw_flood_attack,triage4,3,0,0
H1,hw_flood_attack,triage4,4,0,0
H1,hw_flood_attack,triage4,5,0,0
H1,hw_flood_attack,triage4,6,0,0
H1,hw_flood_attack,triage4,7,2,1
H1,hw_flood_attack,triage4,8,2,1
H1,hw_flood_attack,triage4,9,0,0
H1,hw_flood_attack,t4-nosourcelimit,0,2,1
H1,hw_flood_attack,t4-nosourcelimit,1,0,0
H1,hw_flood_attack,t4-nosourcelimit,10,2,1
H1,hw_flood_attack,t4-nosourcelimit,11,0,0
H1,hw_flood_attack,t4-nosourcelimit,12,0,0
H1,hw_flood_attack,t4-nosourcelimit,13,0,0
H1,hw_flood_attack,t4-nosourcelimit,14,0,0
H1,hw_flood_attack,t4-nosourcelimit,15,0,0
H1,hw_flood_attack,t4-nosourcelimit,16,0,0
H1,hw_flood_attack,t4-nosourcelimit,17,0,0
H1,hw_flood_attack,t4-nosourcelimit,18,0,0
H1,hw_flood_attack,t4-nosourcelimit,19,0,0
H1,hw_flood_attack,t4-nosourcelimit,2,0,0
H1,hw_flood_attack,t4-nosourcelimit,20,0,0
H1,hw_flood_attack,t4-nosourcelimit,21,0,0
H1,hw_flood_attack,t4-nosourcelimit,22,0,0
H1,hw_flood_attack,t4-nosourcelimit,23,0,0
H1,hw_flood_attack,t4-nosourcelimit,24,0,0
H1,hw_flood_attack,t4-nosourcelimit,25,0,0
H1,hw_flood_attack,t4-nosourcelimit,26,0,0
H1,hw_flood_attack,t4-nosourcelimit,27,0,0
H1,hw_flood_attack,t4-nosourcelimit,28,0,0
H1,hw_flood_attack,t4-nosourcelimit,29,0,0
H1,hw_flood_attack,t4-nosourcelimit,3,0,0
H1,hw_flood_attack,t4-nosourcelimit,4,0,0
H1,hw_flood_attack,t4-nosourcelimit,5,0,0
H1,hw_flood_attack,t4-nosourcelimit,6,0,0
H1,hw_flood_attack,t4-nosourcelimit,7,0,0
H1,hw_flood_attack,t4-nosourcelimit,8,0,0
H1,hw_flood_attack,t4-nosourcelimit,9,0,0
R3,r3_legit_extreme_emergency,fifo,0,2,2
R3,r3_legit_extreme_emergency,fifo,1,4,2
R3,r3_legit_extreme_emergency,fifo,10,2,2
R3,r3_legit_extreme_emergency,fifo,11,3,2
R3,r3_legit_extreme_emergency,fifo,12,2,2
R3,r3_legit_extreme_emergency,fifo,13,2,2
R3,r3_legit_extreme_emergency,fifo,14,2,2
R3,r3_legit_extreme_emergency,fifo,15,3,2
R3,r3_legit_extreme_emergency,fifo,16,2,2
R3,r3_legit_extreme_emergency,fifo,17,3,2
R3,r3_legit_extreme_emergency,fifo,18,3,2
R3,r3_legit_extreme_emergency,fifo,19,2,2
R3,r3_legit_extreme_emergency,fifo,2,3,2
R3,r3_legit_extreme_emergency,fifo,20,3,2
R3,r3_legit_extreme_emergency,fifo,21,3,2
R3,r3_legit_extreme_emergency,fifo,22,2,2
R3,r3_legit_extreme_emergency,fifo,23,3,2
R3,r3_legit_extreme_emergency,fifo,24,3,2
R3,r3_legit_extreme_emergency,fifo,25,2,2
R3,r3_legit_extreme_emergency,fifo,26,3,2
R3,r3_legit_extreme_emergency,fifo,27,4,2
R3,r3_legit_extreme_emergency,fifo,28,4,2
R3,r3_legit_extreme_emergency,fifo,29,4,2
R3,r3_legit_extreme_emergency,fifo,3,2,2
R3,r3_legit_extreme_emergency,fifo,4,3,2
R3,r3_legit_extreme_emergency,fifo,5,2,2
R3,r3_legit_extreme_emergency,fifo,6,2,2
R3,r3_legit_extreme_emergency,fifo,7,2,2
R3,r3_legit_extreme_emergency,fifo,8,3,2
R3,r3_legit_extreme_emergency,fifo,9,2,2
R3,r3_legit_extreme_emergency,strict,0,827,248
R3,r3_legit_extreme_emergency,strict,1,823,248
R3,r3_legit_extreme_emergency,strict,10,823,248
R3,r3_legit_extreme_emergency,strict,11,822,248
R3,r3_legit_extreme_emergency,strict,12,827,248
R3,r3_legit_extreme_emergency,strict,13,823,248
R3,r3_legit_extreme_emergency,strict,14,822,248
R3,r3_legit_extreme_emergency,strict,15,823,248
R3,r3_legit_extreme_emergency,strict,16,824,248
R3,r3_legit_extreme_emergency,strict,17,823,248
R3,r3_legit_extreme_emergency,strict,18,824,248
R3,r3_legit_extreme_emergency,strict,19,814,248
R3,r3_legit_extreme_emergency,strict,2,822,248
R3,r3_legit_extreme_emergency,strict,20,827,248
R3,r3_legit_extreme_emergency,strict,21,819,248
R3,r3_legit_extreme_emergency,strict,22,820,248
R3,r3_legit_extreme_emergency,strict,23,822,248
R3,r3_legit_extreme_emergency,strict,24,819,248
R3,r3_legit_extreme_emergency,strict,25,824,248
R3,r3_legit_extreme_emergency,strict,26,824,248
R3,r3_legit_extreme_emergency,strict,27,822,248
R3,r3_legit_extreme_emergency,strict,28,822,248
R3,r3_legit_extreme_emergency,strict,29,822,248
R3,r3_legit_extreme_emergency,strict,3,825,248
R3,r3_legit_extreme_emergency,strict,4,822,248
R3,r3_legit_extreme_emergency,strict,5,822,248
R3,r3_legit_extreme_emergency,strict,6,822,248
R3,r3_legit_extreme_emergency,strict,7,827,248
R3,r3_legit_extreme_emergency,strict,8,822,248
R3,r3_legit_extreme_emergency,strict,9,822,248
R3,r3_legit_extreme_emergency,wfq,0,159,25
R3,r3_legit_extreme_emergency,wfq,1,164,25
R3,r3_legit_extreme_emergency,wfq,10,156,25
R3,r3_legit_extreme_emergency,wfq,11,162,25
R3,r3_legit_extreme_emergency,wfq,12,166,25
R3,r3_legit_extreme_emergency,wfq,13,163,25
R3,r3_legit_extreme_emergency,wfq,14,162,25
R3,r3_legit_extreme_emergency,wfq,15,161,25
R3,r3_legit_extreme_emergency,wfq,16,162,25
R3,r3_legit_extreme_emergency,wfq,17,160,25
R3,r3_legit_extreme_emergency,wfq,18,164,25
R3,r3_legit_extreme_emergency,wfq,19,162,25
R3,r3_legit_extreme_emergency,wfq,2,163,25
R3,r3_legit_extreme_emergency,wfq,20,157,25
R3,r3_legit_extreme_emergency,wfq,21,162,25
R3,r3_legit_extreme_emergency,wfq,22,164,25
R3,r3_legit_extreme_emergency,wfq,23,163,25
R3,r3_legit_extreme_emergency,wfq,24,162,25
R3,r3_legit_extreme_emergency,wfq,25,167,25
R3,r3_legit_extreme_emergency,wfq,26,156,25
R3,r3_legit_extreme_emergency,wfq,27,162,25
R3,r3_legit_extreme_emergency,wfq,28,162,25
R3,r3_legit_extreme_emergency,wfq,29,161,25
R3,r3_legit_extreme_emergency,wfq,3,170,25
R3,r3_legit_extreme_emergency,wfq,4,162,25
R3,r3_legit_extreme_emergency,wfq,5,160,25
R3,r3_legit_extreme_emergency,wfq,6,162,25
R3,r3_legit_extreme_emergency,wfq,7,157,25
R3,r3_legit_extreme_emergency,wfq,8,158,25
R3,r3_legit_extreme_emergency,wfq,9,165,25
R3,r3_legit_extreme_emergency,drr,0,2,2
R3,r3_legit_extreme_emergency,drr,1,2,2
R3,r3_legit_extreme_emergency,drr,10,2,2
R3,r3_legit_extreme_emergency,drr,11,2,2
R3,r3_legit_extreme_emergency,drr,12,2,2
R3,r3_legit_extreme_emergency,drr,13,2,2
R3,r3_legit_extreme_emergency,drr,14,2,2
R3,r3_legit_extreme_emergency,drr,15,2,2
R3,r3_legit_extreme_emergency,drr,16,2,2
R3,r3_legit_extreme_emergency,drr,17,2,2
R3,r3_legit_extreme_emergency,drr,18,2,2
R3,r3_legit_extreme_emergency,drr,19,2,2
R3,r3_legit_extreme_emergency,drr,2,2,2
R3,r3_legit_extreme_emergency,drr,20,2,2
R3,r3_legit_extreme_emergency,drr,21,2,2
R3,r3_legit_extreme_emergency,drr,22,2,2
R3,r3_legit_extreme_emergency,drr,23,2,2
R3,r3_legit_extreme_emergency,drr,24,2,2
R3,r3_legit_extreme_emergency,drr,25,2,2
R3,r3_legit_extreme_emergency,drr,26,2,2
R3,r3_legit_extreme_emergency,drr,27,2,2
R3,r3_legit_extreme_emergency,drr,28,2,2
R3,r3_legit_extreme_emergency,drr,29,2,2
R3,r3_legit_extreme_emergency,drr,3,2,2
R3,r3_legit_extreme_emergency,drr,4,2,2
R3,r3_legit_extreme_emergency,drr,5,2,2
R3,r3_legit_extreme_emergency,drr,6,2,2
R3,r3_legit_extreme_emergency,drr,7,2,2
R3,r3_legit_extreme_emergency,drr,8,2,2
R3,r3_legit_extreme_emergency,drr,9,2,2
R3,r3_legit_extreme_emergency,tbp,0,537,132
R3,r3_legit_extreme_emergency,tbp,1,535,132
R3,r3_legit_extreme_emergency,tbp,10,533,132
R3,r3_legit_extreme_emergency,tbp,11,533,132
R3,r3_legit_extreme_emergency,tbp,12,534,132
R3,r3_legit_extreme_emergency,tbp,13,533,132
R3,r3_legit_extreme_emergency,tbp,14,533,132
R3,r3_legit_extreme_emergency,tbp,15,533,132
R3,r3_legit_extreme_emergency,tbp,16,534,132
R3,r3_legit_extreme_emergency,tbp,17,534,132
R3,r3_legit_extreme_emergency,tbp,18,533,132
R3,r3_legit_extreme_emergency,tbp,19,534,132
R3,r3_legit_extreme_emergency,tbp,2,533,132
R3,r3_legit_extreme_emergency,tbp,20,534,132
R3,r3_legit_extreme_emergency,tbp,21,533,132
R3,r3_legit_extreme_emergency,tbp,22,537,132
R3,r3_legit_extreme_emergency,tbp,23,531,132
R3,r3_legit_extreme_emergency,tbp,24,533,132
R3,r3_legit_extreme_emergency,tbp,25,534,132
R3,r3_legit_extreme_emergency,tbp,26,533,132
R3,r3_legit_extreme_emergency,tbp,27,537,132
R3,r3_legit_extreme_emergency,tbp,28,534,132
R3,r3_legit_extreme_emergency,tbp,29,534,132
R3,r3_legit_extreme_emergency,tbp,3,534,132
R3,r3_legit_extreme_emergency,tbp,4,534,132
R3,r3_legit_extreme_emergency,tbp,5,534,132
R3,r3_legit_extreme_emergency,tbp,6,533,132
R3,r3_legit_extreme_emergency,tbp,7,534,132
R3,r3_legit_extreme_emergency,tbp,8,533,132
R3,r3_legit_extreme_emergency,tbp,9,533,132
R3,r3_legit_extreme_emergency,triage4,0,0,0
R3,r3_legit_extreme_emergency,triage4,1,0,0
R3,r3_legit_extreme_emergency,triage4,10,0,0
R3,r3_legit_extreme_emergency,triage4,11,0,0
R3,r3_legit_extreme_emergency,triage4,12,0,0
R3,r3_legit_extreme_emergency,triage4,13,0,0
R3,r3_legit_extreme_emergency,triage4,14,0,0
R3,r3_legit_extreme_emergency,triage4,15,0,0
R3,r3_legit_extreme_emergency,triage4,16,0,0
R3,r3_legit_extreme_emergency,triage4,17,0,0
R3,r3_legit_extreme_emergency,triage4,18,0,0
R3,r3_legit_extreme_emergency,triage4,19,0,0
R3,r3_legit_extreme_emergency,triage4,2,0,0
R3,r3_legit_extreme_emergency,triage4,20,0,0
R3,r3_legit_extreme_emergency,triage4,21,0,0
R3,r3_legit_extreme_emergency,triage4,22,0,0
R3,r3_legit_extreme_emergency,triage4,23,0,0
R3,r3_legit_extreme_emergency,triage4,24,0,0
R3,r3_legit_extreme_emergency,triage4,25,0,0
R3,r3_legit_extreme_emergency,triage4,26,0,0
R3,r3_legit_extreme_emergency,triage4,27,0,0
R3,r3_legit_extreme_emergency,triage4,28,0,0
R3,r3_legit_extreme_emergency,triage4,29,0,0
R3,r3_legit_extreme_emergency,triage4,3,0,0
R3,r3_legit_extreme_emergency,triage4,4,0,0
R3,r3_legit_extreme_emergency,triage4,5,0,0
R3,r3_legit_extreme_emergency,triage4,6,0,0
R3,r3_legit_extreme_emergency,triage4,7,0,0
R3,r3_legit_extreme_emergency,triage4,8,0,0
R3,r3_legit_extreme_emergency,triage4,9,0,0
R3,r3_legit_extreme_emergency,t4-nosourcelimit,0,0,0
R3,r3_legit_extreme_emergency,t4-nosourcelimit,1,0,0
R3,r3_legit_extreme_emergency,t4-nosourcelimit,10,0,0
R3,r3_legit_extreme_emergency,t4-nosourcelimit,11,0,0
R3,r3_legit_extreme_emergency,t4-nosourcelimit,12,0,0
R3,r3_legit_extreme_emergency,t4-nosourcelimit,13,0,0
R3,r3_legit_extreme_emergency,t4-nosourcelimit,14,0,0
R3,r3_legit_extreme_emergency,t4-nosourcelimit,15,0,0
R3,r3_legit_extreme_emergency,t4-nosourcelimit,16,0,0
R3,r3_legit_extreme_emergency,t4-nosourcelimit,17,0,0
R3,r3_legit_extreme_emergency,t4-nosourcelimit,18,0,0
R3,r3_legit_extreme_emergency,t4-nosourcelimit,19,0,0
R3,r3_legit_extreme_emergency,t4-nosourcelimit,2,0,0
R3,r3_legit_extreme_emergency,t4-nosourcelimit,20,0,0
R3,r3_legit_extreme_emergency,t4-nosourcelimit,21,0,0
R3,r3_legit_extreme_emergency,t4-nosourcelimit,22,0,0
R3,r3_legit_extreme_emergency,t4-nosourcelimit,23,0,0
R3,r3_legit_extreme_emergency,t4-nosourcelimit,24,0,0
R3,r3_legit_extreme_emergency,t4-nosourcelimit,25,0,0
R3,r3_legit_extreme_emergency,t4-nosourcelimit,26,0,0
R3,r3_legit_extreme_emergency,t4-nosourcelimit,27,0,0
R3,r3_legit_extreme_emergency,t4-nosourcelimit,28,0,0
R3,r3_legit_extreme_emergency,t4-nosourcelimit,29,0,0
R3,r3_legit_extreme_emergency,t4-nosourcelimit,3,0,0
R3,r3_legit_extreme_emergency,t4-nosourcelimit,4,0,0
R3,r3_legit_extreme_emergency,t4-nosourcelimit,5,0,0
R3,r3_legit_extreme_emergency,t4-nosourcelimit,6,0,0
R3,r3_legit_extreme_emergency,t4-nosourcelimit,7,0,0
R3,r3_legit_extreme_emergency,t4-nosourcelimit,8,0,0
R3,r3_legit_extreme_emergency,t4-nosourcelimit,9,0,0
